{
    "Accelerometer": {
        "Airline": 0.0, 
        "Email": 0.0, 
        "Financial": 0.850056, 
        "News": 0.0, 
        "Remote_Working": 0.0, 
        "Shopping": 0.0, 
        "Social_Media": 0.0, 
        "Sports": 0.0, 
        "Travel": 0.850056, 
        "Video": 0.0
    }, 
    "Execute Command": {
        "Airline": 0.49142, 
        "Email": 0.75819, 
        "Financial": 0.376755, 
        "News": 0.376755, 
        "Remote_Working": 0.606084, 
        "Shopping": 0.376755, 
        "Social_Media": 0.49142, 
        "Sports": 0.49142, 
        "Travel": 0.376755, 
        "Video": 0.376755
    }, 
    "Full Screen": {
        "Airline": 0.101926, 
        "Email": 0.101926, 
        "Financial": 0.101926, 
        "News": 0.123053, 
        "Remote_Working": 0.617741, 
        "Shopping": 0.101926, 
        "Social_Media": 0.158861, 
        "Sports": 0.101926, 
        "Travel": 0.101926, 
        "Video": 0.637947
    }, 
    "Gyroscope": {
        "Airline": 0.0, 
        "Email": 0.0, 
        "Financial": 0.688792, 
        "News": 0.0, 
        "Remote_Working": 0.0, 
        "Shopping": 0.0, 
        "Social_Media": 0.0, 
        "Sports": 0.0, 
        "Travel": 0.688792, 
        "Video": 0.0
    }, 
    "MediaRecorder": {
        "Airline": 0.02585, 
        "Email": 0.02585, 
        "Financial": 0.026007, 
        "News": 0.02585, 
        "Remote_Working": 0.198076, 
        "Shopping": 0.02585, 
        "Social_Media": 0.113309, 
        "Sports": 0.02585, 
        "Travel": 0.02585, 
        "Video": 0.02585
    }, 
    "Orientation Sensor": {
        "Airline": 0.125376, 
        "Email": 0.125376, 
        "Financial": 0.559885, 
        "News": 0.125376, 
        "Remote_Working": 0.125376, 
        "Shopping": 0.125376, 
        "Social_Media": 0.125376, 
        "Sports": 0.125376, 
        "Travel": 0.559885, 
        "Video": 0.125376
    }, 
    "PDF": {
        "Airline": 0.022963, 
        "Email": 0.022963, 
        "Financial": 0.245513, 
        "News": 0.022963, 
        "Remote_Working": 0.024103, 
        "Shopping": 0.022963, 
        "Social_Media": 0.022963, 
        "Sports": 0.022963, 
        "Travel": 0.022963, 
        "Video": 0.022963
    }, 
    "Payment Request": {
        "Airline": 0.085516, 
        "Email": 0.085516, 
        "Financial": 0.085516, 
        "News": 0.124206, 
        "Remote_Working": 0.085557, 
        "Shopping": 0.085516, 
        "Social_Media": 0.085516, 
        "Sports": 0.085516, 
        "Travel": 0.275459, 
        "Video": 0.085557
    }, 
    "Selection": {
        "Airline": 0.70321, 
        "Email": 0.67351, 
        "Financial": 0.363886, 
        "News": 0.361783, 
        "Remote_Working": 0.523734, 
        "Shopping": 0.496181, 
        "Social_Media": 0.699944, 
        "Sports": 0.287586, 
        "Travel": 0.527371, 
        "Video": 0.438544
    }, 
    "Synchronous Clipboard": {
        "Airline": 0.152198, 
        "Email": 0.244983, 
        "Financial": 0.16287, 
        "News": 0.124529, 
        "Remote_Working": 0.10372, 
        "Shopping": 0.124529, 
        "Social_Media": 0.225203, 
        "Sports": 0.124529, 
        "Travel": 0.033021, 
        "Video": 0.033021
    }, 
    "Video Element": {
        "Airline": 0.243897, 
        "Email": 0.243897, 
        "Financial": 0.243897, 
        "News": 0.244091, 
        "Remote_Working": 0.772312, 
        "Shopping": 0.243897, 
        "Social_Media": 0.65019, 
        "Sports": 0.243897, 
        "Travel": 0.243897, 
        "Video": 0.244091
    }, 
    "Web Audio": {
        "Airline": 0.307256, 
        "Email": 0.32446, 
        "Financial": 0.307256, 
        "News": 0.344715, 
        "Remote_Working": 0.457345, 
        "Shopping": 0.307256, 
        "Social_Media": 0.347495, 
        "Sports": 0.32446, 
        "Travel": 0.307256, 
        "Video": 0.307256
    }, 
    "Web Authentication": {
        "Airline": 0.0, 
        "Email": 0.0, 
        "Financial": 0.0, 
        "News": 0.0, 
        "Remote_Working": 0.0, 
        "Shopping": 0.281947, 
        "Social_Media": 0.0, 
        "Sports": 0.0, 
        "Travel": 0.0, 
        "Video": 0.0
    }, 
    "Web Cryptography": {
        "Airline": 0.456225, 
        "Email": 0.501497, 
        "Financial": 0.457743, 
        "News": 0.457435, 
        "Remote_Working": 0.464387, 
        "Shopping": 0.465327, 
        "Social_Media": 0.552438, 
        "Sports": 0.456032, 
        "Travel": 0.457917, 
        "Video": 0.634676
    }, 
    "Web Workers": {
        "Airline": 0.368907, 
        "Email": 0.370276, 
        "Financial": 0.368835, 
        "News": 0.372733, 
        "Remote_Working": 0.54744, 
        "Shopping": 0.368907, 
        "Social_Media": 0.372665, 
        "Sports": 0.36995, 
        "Travel": 0.368907, 
        "Video": 0.368835
    }, 
    "WebRTC Peer-to-peer Connections": {
        "Airline": 0.185252, 
        "Email": 0.185633, 
        "Financial": 0.185252, 
        "News": 0.184634, 
        "Remote_Working": 0.583481, 
        "Shopping": 0.185487, 
        "Social_Media": 0.259399, 
        "Sports": 0.185467, 
        "Travel": 0.185252, 
        "Video": 0.185252
    }, 
    "TP_abseil-cpp": {
        "Airline": 0.044085, 
        "Email": 0.044085, 
        "Financial": 0.044085, 
        "News": 0.044085, 
        "Remote_Working": 0.517887, 
        "Shopping": 0.044085, 
        "Social_Media": 0.044085, 
        "Sports": 0.044085, 
        "Travel": 0.044085, 
        "Video": 0.044085
    }, 
    "Media/Stream": {
        "Airline": 0.171658, 
        "Email": 0.171658, 
        "Financial": 0.171658, 
        "News": 0.171658, 
        "Remote_Working": 0.902824, 
        "Shopping": 0.171658, 
        "Social_Media": 0.791847, 
        "Sports": 0.171658, 
        "Travel": 0.171658, 
        "Video": 0.171658
    }, 
    "TP_libaddressinput": {
        "Airline": 0.240216, 
        "Email": 0.240216, 
        "Financial": 0.458387, 
        "News": 0.074588, 
        "Remote_Working": 0.240216, 
        "Shopping": 0.240595, 
        "Social_Media": 0.240216, 
        "Sports": 0.074588, 
        "Travel": 0.569185, 
        "Video": 0.240216
    }, 
    "TP_libphonenumber": {
        "Airline": 0.714803, 
        "Email": 0.714803, 
        "Financial": 0.721999, 
        "News": 0.0, 
        "Remote_Working": 0.71947, 
        "Shopping": 0.727624, 
        "Social_Media": 0.720428, 
        "Sports": 0.0, 
        "Travel": 0.736491, 
        "Video": 0.714803
    }, 
    "TP_libsrtp": {
        "Airline": 0.0, 
        "Email": 0.0, 
        "Financial": 0.0, 
        "News": 0.0, 
        "Remote_Working": 0.873117, 
        "Shopping": 0.0, 
        "Social_Media": 0.0, 
        "Sports": 0.0, 
        "Travel": 0.0, 
        "Video": 0.0
    }, 
    "TP_libvpx": {
        "Airline": 0.121263, 
        "Email": 0.121263, 
        "Financial": 0.121263, 
        "News": 0.121263, 
        "Remote_Working": 0.259315, 
        "Shopping": 0.121263, 
        "Social_Media": 0.121263, 
        "Sports": 0.121263, 
        "Travel": 0.121263, 
        "Video": 0.122115
    }, 
    "TP_libyuv": {
        "Airline": 0.009237, 
        "Email": 0.009237, 
        "Financial": 0.009237, 
        "News": 0.017527, 
        "Remote_Working": 0.149139, 
        "Shopping": 0.009237, 
        "Social_Media": 0.088408, 
        "Sports": 0.009237, 
        "Travel": 0.009237, 
        "Video": 0.015835
    }, 
    "TP_lzma_sdk": {
        "Airline": 0.0, 
        "Email": 0.0, 
        "Financial": 0.0, 
        "News": 0.0, 
        "Remote_Working": 0.789438, 
        "Shopping": 0.789438, 
        "Social_Media": 0.0, 
        "Sports": 0.0, 
        "Travel": 0.0, 
        "Video": 0.0
    }, 
    "TP_opus": {
        "Airline": 0.173968, 
        "Email": 0.173968, 
        "Financial": 0.173968, 
        "News": 0.173968, 
        "Remote_Working": 0.885836,